emp_id,emp_name,email,gender,department,address,salary
1,Tommie Croxall,tcroxall0@php.net,Female,Human Resources,997 Miller Trail,5.6
2,Stefa Bastie,sbastie1@slate.com,Male,,00 Packers Parkway,31.2
3,Sasha Cosgrive,scosgrive2@bizjournals.com,Male,Accounting,97 Ridgeview Hill,47.6
4,Erda Goodread,egoodread3@narod.ru,Female,Training,,58.5
5,Sherie Knightsbridge,sknightsbridge4@prlog.org,Male,Marketing,68792 Pankratz Junction,61.3
6,Lisabeth Harsnipe,lharsnipe5@webs.com,Female,Marketing,3829 Lighthouse Bay Drive,29.0
7,Duke Southcoat,,Female,Services,53 Oneill Place,70.5
8,Kimberlee McLanaghan,kmclanaghan7@dmoz.org,Female,Product Management,12 Pennsylvania Place,62.3
9,Udale Szreter,uszreter8@de.vu,Female,Services,85739 Mayer Crossing,77.6
10,Junette Braunthal,jbraunthal9@alibaba.com,Female,Sales,68125 Hauk Trail,54.6
11,Allix Teanby,ateanbya@printfriendly.com,Male,Accounting,418 Jenna Drive,28.9
12,Saudra Carbry,scarbryb@blinklist.com,Male,Services,1147 Coleman Trail,66.8
13,Sibella Boodle,sboodlec@photobucket.com,Female,,906 Brown Street,25.8
14,Kale Skiplorne,kskiplorned@pbs.org,Male,Support,59 Pleasure Road,33.2
15,Antonina McCaughran,amccaughrane@bloomberg.com,Male,Research and Development,16 Clove Park,34.7
16,Thibaud Kehoe,tkehoef@google.com,Female,Product Management,2373 Logan Way,39.3
17,Jasper Ablitt,jablittg@photobucket.com,Male,Engineering,10122 Clemons Crossing,71.8
18,Gillie McLagan,gmclaganh@who.int,Female,Legal,367 Pepper Wood Hill,15.3
19,Morse Perrett,mperretti@g.co,Male,,,8.5
20,Beilul Bohman,bbohmanj@usda.gov,Female,Business Development,83201 Farmco Lane,19.8
21,Henri McVitie,hmcvitiek@youtu.be,Female,Training,228 Valley Edge Trail,39.2
22,Jimmy Klaaassen,jklaaassenl@comcast.net,Male,Support,332 Cordelia Point,48.4
23,Leonidas La Padula,llam@home.pl,Female,Training,9 Charing Cross Court,39.9
24,Nata Duthy,nduthyn@nps.gov,Female,Business Development,7637 Helena Alley,16.4
25,Toiboid Tappin,ttappino@simplemachines.org,Male,,6 Kedzie Plaza,70.8
26,Nicky Connerly,,Male,Legal,53 Sutteridge Hill,46.1
27,Quintin Garmanson,qgarmansonq@squarespace.com,Female,Business Development,42 Kedzie Street,12.6
28,Marlowe Milson,mmilsonr@cafepress.com,Female,Training,4226 Sommers Point,15.4
29,Phyllys Gurge,pgurges@discovery.com,Male,Product Management,8171 Sauthoff Court,74.8
30,Konstantine Amner,kamnert@telegraph.co.uk,Female,Business Development,7 Crescent Oaks Drive,54.4
31,Toddie Ducket,tducketu@wikispaces.com,Female,Services,73926 Sage Street,77.8
32,Mina Moorman,mmoormanv@scribd.com,Female,Business Development,6 Crowley Terrace,8.9
33,Norbert Page,npagew@noaa.gov,Female,,145 Eliot Crossing,63.9
34,Ahmad Illing,aillingx@yahoo.co.jp,Female,Support,9 Stuart Junction,47.9
35,Donetta Lipman,dlipmany@answers.com,Male,Engineering,0729 Pine View Alley,72.9
36,Barnett Torregiani,btorregianiz@edublogs.org,Male,,88 Fieldstone Place,22.4
37,Henri Kinnett,,Female,Engineering,15 Vahlen Park,66.6
38,Dennis Trenbay,dtrenbay11@bbc.co.uk,Male,Legal,83568 Acker Place,33.4
39,Alec Lodwig,alodwig12@ca.gov,Male,,9599 4th Pass,38.8
40,Wilone Astupenas,wastupenas13@hatena.ne.jp,Female,Legal,0 Rockefeller Drive,27.6
41,Henriette Hazael,hhazael14@photobucket.com,Female,Legal,63450 Havey Terrace,43.9
42,Willard Matiashvili,wmatiashvili15@usgs.gov,Female,Services,4543 Starling Road,45.1
43,Welbie Derks,wderks16@howstuffworks.com,Female,,09234 Brickson Park Alley,46.8
44,Marni Clapston,,Male,Marketing,2 Tomscot Junction,3.1
45,Tim Rossbrook,trossbrook18@bravesites.com,Male,Training,92 School Parkway,75.3
46,Glad de la Valette Parisot,gde19@unblog.fr,Female,Services,26913 Coleman Trail,6.0
47,Viviana Wilcott,,Female,Human Resources,84989 Eastwood Court,34.5
48,Astrid Vicarey,avicarey1b@yelp.com,Male,Sales,13011 Center Street,46.5
49,Ilaire Wetton,iwetton1c@webeden.co.uk,Male,Sales,5797 Walton Court,32.6
50,Valentine Cantu,vcantu1d@kickstarter.com,Male,Marketing,2 Red Cloud Center,72.3
51,Chickie Heys,cheys1e@usnews.com,Female,,8975 Mandrake Trail,51.4
52,Walden Bartaletti,wbartaletti1f@simplemachines.org,Female,,97197 Calypso Plaza,44.6
53,Kathi Foucar,kfoucar1g@theatlantic.com,Female,Accounting,2 Derek Trail,38.2
54,Neila Enochsson,,Male,Legal,9 Bonner Circle,73.7
55,Mirelle Charlet,mcharlet1i@360.cn,Female,,23872 Alpine Avenue,44.6
56,Diannne Pleager,dpleager1j@elpais.com,Male,Research and Development,71247 Continental Place,38.9
57,Lu Theriot,ltheriot1k@drupal.org,Female,Support,7 Johnson Road,75.0
58,Aharon Blackleech,ablackleech1l@ifeng.com,Male,Engineering,065 Eagle Crest Hill,28.4
59,Lorine Domanski,ldomanski1m@blogger.com,Male,Engineering,9930 Fordem Way,6.3
60,Emelen Fellow,efellow1n@networkadvertising.org,Female,Product Management,9871 Dexter Crossing,22.0
61,Raddy Plumbley,rplumbley1o@goo.gl,Female,Legal,50622 Pepper Wood Crossing,24.8
62,Shena Gocher,sgocher1p@ehow.com,Male,Support,265 Sherman Center,45.1
63,Tallulah Sirl,tsirl1q@sciencedirect.com,Female,Business Development,35 Merry Point,67.9
64,Oates Geharke,ogeharke1r@123-reg.co.uk,Male,Legal,14 Monterey Park,3.9
65,Cristionna Deeney,cdeeney1s@pbs.org,Female,Human Resources,97111 Jackson Lane,50.2
66,Rheba Bome,rbome1t@auda.org.au,Female,Support,4 Ronald Regan Plaza,68.8
67,Minny Dilleway,mdilleway1u@nationalgeographic.com,Female,Accounting,115 Dawn Pass,57.7
68,Kale Godspede,kgodspede1v@nbcnews.com,Male,Legal,69969 Algoma Way,42.5
69,Crissie Havenhand,chavenhand1w@blogspot.com,Female,Services,1 Orin Park,34.5
70,Bertrando Bowland,bbowland1x@github.io,Male,Human Resources,414 Hayes Lane,40.2
71,Ramona Hearsey,rhearsey1y@go.com,Female,Accounting,6 Buena Vista Street,59.7
72,Noella Branca,nbranca1z@nifty.com,Male,Training,591 Buhler Drive,62.8
73,Bentley Delion,,Male,,17 Grayhawk Trail,72.3
74,Mellicent Jeyes,mjeyes21@ycombinator.com,Male,Marketing,1132 Mesta Park,68.4
75,Janeczka Lofty,jlofty22@istockphoto.com,Female,Business Development,29 Mariners Cove Hill,6.4
76,Ase Males,,Female,Services,73617 Anniversary Crossing,47.0
77,Lock Jewett,ljewett24@cocolog-nifty.com,Female,,,43.0
78,Eleonora Fermer,,Male,Services,9312 Briar Crest Park,47.5
79,Chan Batchelar,cbatchelar26@microsoft.com,Male,Services,7 Eggendart Drive,6.7
80,Franciskus Dewerson,fdewerson27@weebly.com,Female,Legal,6493 Cascade Crossing,38.1
81,Marten Thibodeaux,mthibodeaux28@list-manage.com,Male,Human Resources,5028 Nelson Junction,11.7
82,Viviene Boustead,vboustead29@xinhuanet.com,Female,Accounting,4 Stang Center,38.9
83,Hayley Tyrie,,Female,Accounting,1556 Parkside Pass,53.0
84,Malinda Middiff,mmiddiff2b@unicef.org,Male,,590 Kipling Junction,24.8
85,Skippy Dobrowski,sdobrowski2c@cargocollective.com,Female,Marketing,69673 High Crossing Junction,36.1
86,Winnah Hynam,whynam2d@constantcontact.com,Male,Marketing,19 Bay Way,22.6
87,Boyce Franzolini,bfranzolini2e@e-recht24.de,Male,Research and Development,1692 Straubel Trail,65.9
88,Sophey Breffit,sbreffit2f@rambler.ru,Female,,83899 Heffernan Terrace,53.8
89,Jessi Dinsmore,jdinsmore2g@gravatar.com,Female,Business Development,9 La Follette Avenue,47.3
90,Rozelle Phaup,rphaup2h@barnesandnoble.com,Female,Engineering,24 Ludington Place,10.3
91,Micheal Feuell,mfeuell2i@cnet.com,Female,Services,81 Bashford Plaza,16.0
92,Dom Hallock,dhallock2j@ovh.net,Male,Business Development,,41.7
93,Antoni Matyashev,amatyashev2k@amazon.co.jp,Female,Accounting,25703 Pennsylvania Street,18.3
94,Lyssa O'Heffernan,loheffernan2l@squarespace.com,Male,Accounting,657 Little Fleur Trail,59.4
95,Gabbie Swatradge,,Male,Legal,13440 Swallow Point,46.2
96,Tamma Hawford,thawford2n@t.co,Female,Marketing,3176 Sheridan Drive,75.3
97,Shandie Vergo,svergo2o@com.com,Male,Engineering,23824 Pankratz Pass,47.8
98,Brand Swepson,bswepson2p@nps.gov,Male,Human Resources,0 Trailsway Parkway,66.2
99,Robbie Weddeburn - Scrimgeour,rweddeburn2q@netscape.com,Male,Sales,130 Annamark Point,26.8
100,Daisy Dillingstone,ddillingstone2r@xrea.com,Female,,,14.1
101,Tildy Looker,,Male,,96 Acker Place,68.5
102,Ingram Parsonage,iparsonage2t@scientificamerican.com,Female,Sales,31921 Kenwood Terrace,70.1
103,Judye Walles,jwalles2u@prweb.com,Female,Engineering,19 South Parkway,52.9
104,Corena Smithers,csmithers2v@msu.edu,Male,Legal,88892 Ruskin Pass,29.2
105,Vere Twinborne,vtwinborne2w@nhs.uk,Female,Human Resources,65566 Lake View Circle,13.3
106,Ely Izsak,eizsak2x@bizjournals.com,Female,Sales,89978 Hagan Park,65.2
107,Caz Persicke,cpersicke2y@webs.com,Male,Research and Development,70 Lake View Pass,19.2
108,Ignacio Winfindale,iwinfindale2z@ning.com,Male,Services,6297 Weeping Birch Parkway,16.5
109,Grazia Petrik,gpetrik30@blog.com,Male,Sales,672 Springview Street,21.4
110,Dianne Bastone,dbastone31@google.com.hk,Female,Marketing,4 Steensland Pass,37.1
111,Alyson Castelletto,acastelletto32@nih.gov,Male,Business Development,08497 Hermina Plaza,60.3
112,Bari Mateu,bmateu33@plala.or.jp,Male,Services,145 Pine View Trail,61.8
113,Fleur Dachs,fdachs34@ihg.com,Female,Sales,2 Sheridan Avenue,5.7
114,Annemarie Oguz,aoguz35@w3.org,Female,Research and Development,902 Mendota Park,74.1
115,Devon Cokely,dcokely36@home.pl,Male,Product Management,702 Maple Road,15.2
116,Bail Bachmann,bbachmann37@unblog.fr,Male,Legal,8389 Harbort Center,54.1
117,Marshall Josowitz,mjosowitz38@archive.org,Female,Marketing,9 Hintze Place,9.6
118,Laryssa Bouldon,,Male,Training,12 Sommers Court,24.0
119,Garrek Barnsley,gbarnsley3a@amazon.co.jp,Female,Research and Development,8 Autumn Leaf Trail,71.4
120,Janis Cartmel,jcartmel3b@hugedomains.com,Female,Legal,7359 Buell Court,9.3
121,Genny Horbart,ghorbart3c@etsy.com,Male,Research and Development,05 Green Terrace,16.0
122,Morgan Beadnall,mbeadnall3d@meetup.com,Female,Accounting,1 Scofield Pass,25.1
123,Alexandros Frill,afrill3e@trellian.com,Female,Services,7965 Bobwhite Point,65.3
124,Anabel Edgson,,Female,Legal,3 Elgar Circle,64.0
125,Gregoor Capewell,gcapewell3g@springer.com,Female,Product Management,5 Delladonna Drive,7.5
126,Arlina Bigly,abigly3h@t-online.de,Male,,26 Nova Lane,52.6
127,Uriel Pearcehouse,upearcehouse3i@whitehouse.gov,Female,,01 Walton Court,77.2
128,Ula Mattheus,umattheus3j@nbcnews.com,Male,Support,88413 Kennedy Court,51.9
129,Teddie Ovanesian,tovanesian3k@diigo.com,Male,Training,0 Derek Plaza,24.8
130,Laina Lenox,llenox3l@thetimes.co.uk,Male,Human Resources,1 Buena Vista Trail,55.8
131,Tammi Enric,tenric3m@ask.com,Male,Business Development,26979 Banding Point,44.0
132,Marnie Kempe,mkempe3n@berkeley.edu,Male,Research and Development,7099 Parkside Court,26.9
133,Bondon Britch,bbritch3o@live.com,Male,Training,82 Delladonna Place,67.0
134,Danie Yurkevich,dyurkevich3p@dyndns.org,Male,,8 Stephen Lane,61.9
135,Marysa Wesley,mwesley3q@lycos.com,Male,Research and Development,93 Graceland Plaza,19.3
136,Sydel Panniers,spanniers3r@csmonitor.com,Male,Research and Development,78 Lakewood Gardens Point,33.7
137,Steven Carleman,scarleman3s@ask.com,Female,Marketing,4968 Northfield Court,62.4
138,Samaria Ingilson,singilson3t@cnbc.com,Female,Product Management,1 Everett Park,4.3
139,Breanne Abernethy,babernethy3u@nbcnews.com,Female,Research and Development,41 Derek Park,68.9
140,Fabian Eggers,feggers3v@columbia.edu,Female,Product Management,1 Westridge Plaza,31.0
141,Venus Zylberdik,,Male,Sales,495 Burrows Avenue,3.3
142,Colby Livesay,clivesay3x@shinystat.com,Male,Sales,37 Waywood Place,31.5
143,Robers Gemson,rgemson3y@baidu.com,Male,Business Development,09881 Stang Hill,29.3
144,Alysa Crunkhurn,acrunkhurn3z@yellowpages.com,Female,,4 Schurz Road,36.7
145,Betsy Symondson,bsymondson40@seattletimes.com,Male,Product Management,06 Lerdahl Alley,27.1
146,Binni Aston,baston41@ebay.com,Male,Training,32206 Corscot Point,65.6
147,Lucio Bedells,lbedells42@nasa.gov,Male,Business Development,5842 Carioca Junction,25.0
148,Yul Ivermee,yivermee43@dailymail.co.uk,Male,Business Development,2 Heath Junction,26.3
149,Lenette Jovicic,ljovicic44@theatlantic.com,Female,Marketing,838 Oxford Place,27.3
150,Lucita Abrahamson,labrahamson45@indiatimes.com,Female,Legal,907 Longview Parkway,25.9
